{
  "lang":"en",
  "name":"pipeline",
  "version":"0.0.0",
  "spacy_version":">=3.1.3,<3.2.0",
  "description":"",
  "author":"",
  "email":"",
  "url":"",
  "license":"",
  "spacy_git_version":"8bda39f08",
  "vectors":{
    "width":0,
    "vectors":0,
    "keys":0,
    "name":null
  },
  "labels":{
    "tok2vec":[

    ],
    "ner":[
      "B",
      "DES",
      "EMAIL",
      "I",
      "NAME",
      "ORG",
      "PHONE"
    ]
  },
  "pipeline":[
    "tok2vec",
    "ner"
  ],
  "components":[
    "tok2vec",
    "ner"
  ],
  "disabled":[

  ],
  "performance":{
    "ents_f":0.6071942446,
    "ents_p":0.6614420063,
    "ents_r":0.5611702128,
    "ents_per_type":{
      "B-NAME":{
        "p":0.5789473684,
        "r":0.5,
        "f":0.5365853659
      },
      "I-NAME":{
        "p":0.8095238095,
        "r":0.5151515152,
        "f":0.6296296296
      },
      "B-DES":{
        "p":0.5,
        "r":0.4736842105,
        "f":0.4864864865
      },
      "I-DES":{
        "p":0.6666666667,
        "r":0.5161290323,
        "f":0.5818181818
      },
      "B-ORG":{
        "p":0.3333333333,
        "r":0.3461538462,
        "f":0.3396226415
      },
      "I-ORG":{
        "p":0.6296296296,
        "r":0.6891891892,
        "f":0.6580645161
      },
      "B-PHONE":{
        "p":0.7111111111,
        "r":0.6956521739,
        "f":0.7032967033
      },
      "I-PHONE":{
        "p":0.8181818182,
        "r":0.5625,
        "f":0.6666666667
      },
      "B-WEB":{
        "p":0.7333333333,
        "r":0.6470588235,
        "f":0.6875
      },
      "B-EMAIL":{
        "p":0.8095238095,
        "r":0.7391304348,
        "f":0.7727272727
      },
      "PHONE":{
        "p":0.0,
        "r":0.0,
        "f":0.0
      },
      "I-EMAIL":{
        "p":0.5,
        "r":0.2,
        "f":0.2857142857
      },
      "NAME":{
        "p":0.0,
        "r":0.0,
        "f":0.0
      },
      "I-WEB":{
        "p":0.0,
        "r":0.0,
        "f":0.0
      },
      "WEB":{
        "p":0.0,
        "r":0.0,
        "f":0.0
      }
    },
    "tok2vec_loss":451.0382822271,
    "ner_loss":309.3087188942
  }
}