{
  "lang":"en",
  "name":"pipeline",
  "version":"0.0.0",
  "spacy_version":">=3.1.3,<3.2.0",
  "description":"",
  "author":"",
  "email":"",
  "url":"",
  "license":"",
  "spacy_git_version":"8bda39f08",
  "vectors":{
    "width":0,
    "vectors":0,
    "keys":0,
    "name":null
  },
  "labels":{
    "tok2vec":[

    ],
    "ner":[
      "B",
      "DES",
      "EMAIL",
      "I",
      "NAME",
      "ORG",
      "PHONE"
    ]
  },
  "pipeline":[
    "tok2vec",
    "ner"
  ],
  "components":[
    "tok2vec",
    "ner"
  ],
  "disabled":[

  ],
  "performance":{
    "ents_f":0.6306569343,
    "ents_p":0.6990291262,
    "ents_r":0.5744680851,
    "ents_per_type":{
      "B-NAME":{
        "p":0.6,
        "r":0.5454545455,
        "f":0.5714285714
      },
      "I-NAME":{
        "p":0.9047619048,
        "r":0.5757575758,
        "f":0.7037037037
      },
      "B-DES":{
        "p":0.4666666667,
        "r":0.3684210526,
        "f":0.4117647059
      },
      "I-DES":{
        "p":0.6153846154,
        "r":0.5161290323,
        "f":0.5614035088
      },
      "B-ORG":{
        "p":0.4137931034,
        "r":0.4615384615,
        "f":0.4363636364
      },
      "I-ORG":{
        "p":0.7258064516,
        "r":0.6081081081,
        "f":0.6617647059
      },
      "B-PHONE":{
        "p":0.8048780488,
        "r":0.7173913043,
        "f":0.7586206897
      },
      "I-PHONE":{
        "p":0.7407407407,
        "r":0.625,
        "f":0.6779661017
      },
      "B-WEB":{
        "p":0.7222222222,
        "r":0.7647058824,
        "f":0.7428571429
      },
      "B-EMAIL":{
        "p":0.8,
        "r":0.6956521739,
        "f":0.7441860465
      },
      "PHONE":{
        "p":0.0,
        "r":0.0,
        "f":0.0
      },
      "I-EMAIL":{
        "p":1.0,
        "r":0.3,
        "f":0.4615384615
      },
      "NAME":{
        "p":0.0,
        "r":0.0,
        "f":0.0
      },
      "I-WEB":{
        "p":0.0,
        "r":0.0,
        "f":0.0
      },
      "WEB":{
        "p":0.0,
        "r":0.0,
        "f":0.0
      }
    },
    "tok2vec_loss":693.1129833427,
    "ner_loss":426.758542651
  }
}